1	Pool Cleaning	Please help to clean the pool at Block C.	PENDING	25
2	Maid Request	Please find a maid.	PENDING	25
3	Test	Test	PENDING	25
4	Test	Test	PENDING	25
5	Test	Test	PENDING	25
6	Test	Test	PENDING	25
7	Test	Test	PENDING	25
8	Test	Test	PENDING	25
9	Pool Cleaning	Please help to clean the pool at Block C.	PENDING	25
10	Maid Request	Please find a maid.	PENDING	25
11	Test	Test	PENDING	25
12	Test	Test	PENDING	25
13	Test	Test	PENDING	25
14	Test	Test	PENDING	25
15	Test	Test	PENDING	25
16	Test	Test	PENDING	25